TABLE_NAME,COLUMN_NAME,DATA_TYPE
BlindSpotMonitoring,Id,int
BlindSpotMonitoring,Name,varchar
BlindSpotIntervention,Id,int
BlindSpotIntervention,Name,varchar
BedType,Id,int
BedType,Name,varchar
BatteryType,Id,int
BatteryType,Name,varchar
AxleConfiguration,Id,int
AxleConfiguration,Name,varchar
AutoReverseSystem,Id,int
AutoReverseSystem,Name,varchar
AutomaticPedestrainAlertingSound,Id,int
AutomaticPedestrainAlertingSound,Name,varchar
AutoBrake,Id,int
AutoBrake,Name,varchar
AirBagLocKnee,Id,int
AirBagLocKnee,Name,varchar
AirBagLocFront,Id,int
AirBagLocFront,Name,varchar
AirBagLocations,Id,int
AirBagLocations,Name,varchar
AdaptiveDrivingBeam,Id,int
AdaptiveDrivingBeam,Name,varchar
AdaptiveCruiseControl,Id,int
AdaptiveCruiseControl,Name,varchar
ABS,Id,int
ABS,Name,varchar
VinDescriptor,Id,int
VinDescriptor,Descriptor,varchar
VinDescriptor,ModelYear,int
VinDescriptor,CreatedOn,datetime
VinDescriptor,UpdatedOn,datetime
VinException,Id,int
VinException,VIN,varchar
VinException,CheckDigit,bit
VinException,CreatedOn,datetime
VinException,UpdatedOn,datetime
VehicleSpecSchema_Year,Id,int
VehicleSpecSchema_Year,VehicleSpecSchemaId,int
VehicleSpecSchema_Year,Year,int
VehicleSpecSchema_Model,Id,int
VehicleSpecSchema_Model,VehicleSpecSchemaId,int
VehicleSpecSchema_Model,ModelId,int
WMIYearValidChars_CacheExceptions,WMI,varchar
WMIYearValidChars_CacheExceptions,CreatedOn,datetime
WMIYearValidChars_CacheExceptions,Id,int
WMIYearValidChars,id,int
WMIYearValidChars,WMI,varchar
WMIYearValidChars,Year,int
WMIYearValidChars,Position,int
WMIYearValidChars,Char,varchar
Conversion,Id,int
Conversion,FromElementId,int
Conversion,ToElementId,int
Conversion,Formula,nvarchar
DecodingOutput,Id,int
DecodingOutput,AddedOn,datetime
DecodingOutput,GroupName,varchar
DecodingOutput,Variable,varchar
DecodingOutput,Value,varchar
DecodingOutput,Keys,varchar
DecodingOutput,WmiId,int
DecodingOutput,PatternId,int
DecodingOutput,VinSchemaId,int
DecodingOutput,ElementId,int
DecodingOutput,AttributeId,varchar
DecodingOutput,CreatedOn,datetime
DecodingOutput,Code,varchar
DecodingOutput,DataType,varchar
DecodingOutput,Decode,varchar
DecodingOutput,Source,varchar
Element,Id,int
Element,Name,varchar
Element,Code,varchar
Element,LookupTable,varchar
Element,Description,varchar
Element,IsPrivate,bit
Element,GroupName,varchar
Element,DataType,varchar
Element,MinAllowedValue,int
Element,MaxAllowedValue,int
Element,IsQS,bit
Element,Decode,varchar
Element,weight,int
DefaultValue,Id,int
DefaultValue,ElementId,int
DefaultValue,VehicleTypeId,int
DefaultValue,DefaultValue,varchar
DefaultValue,CreatedOn,datetime
DefaultValue,UpdatedOn,datetime
Manufacturer_Make,Id,int
Manufacturer_Make,ManufacturerId,int
Manufacturer_Make,MakeId,int
VehicleType,Id,int
VehicleType,Name,varchar
VehicleType,DisplayOrder,int
VehicleType,FormType,int
VehicleType,Description,varchar
VehicleType,IncludeInEquipPlant,bit
EngineModel,Id,int
EngineModel,Name,varchar
EngineModel,Description,varchar
EngineModelPattern,Id,int
EngineModelPattern,EngineModelId,int
EngineModelPattern,ElementId,int
EngineModelPattern,AttributeId,varchar
EngineModelPattern,CreatedOn,datetime
EngineModelPattern,UpdatedOn,datetime
Make,Id,int
Make,Name,varchar
Make,CreatedOn,datetime
Make,UpdatedOn,datetime
Make_Model,Id,int
Make_Model,MakeId,int
Make_Model,ModelId,int
Make_Model,CreatedOn,datetime
Make_Model,UpdatedOn,datetime
Model,Id,int
Model,Name,varchar
Model,CreatedOn,datetime
Model,UpdatedOn,datetime
Pattern,Id,int
Pattern,VinSchemaId,int
Pattern,Keys,varchar
Pattern,ElementId,int
Pattern,AttributeId,varchar
Pattern,CreatedOn,datetime
Pattern,UpdatedOn,datetime
VinSchema,Id,int
VinSchema,Name,varchar
VinSchema,sourcewmi,varchar
VinSchema,CreatedOn,datetime
VinSchema,UpdatedOn,datetime
VinSchema,TobeQCed,bit
VehicleSpecPattern,Id,int
VehicleSpecPattern,VSpecSchemaPatternId,int
VehicleSpecPattern,IsKey,bit
VehicleSpecPattern,ElementId,int
VehicleSpecPattern,AttributeId,varchar
VehicleSpecPattern,CreatedOn,datetime
VehicleSpecPattern,UpdatedOn,datetime
VehicleSpecSchema,Id,int
VehicleSpecSchema,MakeId,int
VehicleSpecSchema,CreatedOn,datetime
VehicleSpecSchema,UpdatedOn,datetime
VehicleSpecSchema,VehicleTypeId,int
VehicleSpecSchema,SourceDate,datetime
VehicleSpecSchema,TobeQCed,bit
VSpecSchemaPattern,Id,int
VSpecSchemaPattern,SchemaId,int
Wmi_Make,WmiId,int
Wmi_Make,MakeId,int
Wmi,Id,int
Wmi,Wmi,varchar
Wmi,ManufacturerId,int
Wmi,MakeId,int
Wmi,VehicleTypeId,int
Wmi,CreatedOn,datetime
Wmi,UpdatedOn,datetime
Wmi,CountryId,int
Wmi,PublicAvailabilityDate,datetime
Wmi,TruckTypeId,int
Wmi,ProcessedOn,datetime
Wmi,NonCompliant,bit
Wmi,NonCompliantSetByOVSC,bit
Manufacturer,Id,int
Manufacturer,Name,varchar
Wmi_VinSchema,Id,int
Wmi_VinSchema,WmiId,int
Wmi_VinSchema,VinSchemaId,int
Wmi_VinSchema,YearFrom,int
Wmi_VinSchema,YearTo,int
Wmi_VinSchema,OrgId,int
WheelieMitigation,Id,int
WheelieMitigation,Name,varchar
WheelBaseType,Id,int
WheelBaseType,Name,varchar
DEFS_Model,MAKE,smallint
DEFS_Model,ID,smallint
DEFS_Model,DEF,varchar
DEFS_Model,MODEL_TYPE,varchar
DEFS_Model,INCLUDES,varchar
DEFS_Model,FROM_YEAR,smallint
DEFS_Model,TO_YEAR,smallint
DEFS_Model,MODE,smallint
DEFS_Make,ID,smallint
DEFS_Make,DEF,varchar
DEFS_Make,NCIC_CODE,varchar
DEFS_Make,MAKE_TYPE,varchar
DEFS_Make,FROM_YEAR,smallint
DEFS_Make,TO_YEAR,smallint
DEFS_Make,MODE,smallint
vNCSAModel,Id,int
vNCSAModel,Name,varchar
vNCSAModel,MakeId,smallint
vNCSAModel,OriginalId,smallint
vNCSAMake,Id,smallint
vNCSAMake,Name,varchar
DEFS_Body,ID,smallint
DEFS_Body,DEF,varchar
DEFS_Body,BODY_TYPE,varchar
DEFS_Body,FROM_YEAR,smallint
DEFS_Body,TO_YEAR,smallint
DEFS_Body,MODE,smallint
vNCSABodyType,Id,smallint
vNCSABodyType,Name,varchar
ValvetrainDesign,Id,int
ValvetrainDesign,Name,varchar
Turbo,Id,int
Turbo,Name,varchar
Transmission,Id,int
Transmission,Name,varchar
TrailerType,Id,int
TrailerType,Name,varchar
TrailerBodyType,Id,int
TrailerBodyType,Name,varchar
TractionControl,Id,int
TractionControl,Name,varchar
TPMS,Id,int
TPMS,Name,varchar
Steering,Id,int
Steering,Name,varchar
SemiautomaticHeadlampBeamSwitching,Id,int
SemiautomaticHeadlampBeamSwitching,Name,varchar
SeatBeltsAll,Id,int
SeatBeltsAll,Name,varchar
RearVisibilityCamera,Id,int
RearVisibilityCamera,Name,varchar
RearCrossTrafficAlert,Id,int
RearCrossTrafficAlert,Name,varchar
RearAutomaticEmergencyBraking,Id,int
RearAutomaticEmergencyBraking,Name,varchar
Pretensioner,Id,int
Pretensioner,Name,varchar
PedestrianAutomaticEmergencyBraking,Id,int
PedestrianAutomaticEmergencyBraking,Name,varchar
ParkAssist,Id,int
ParkAssist,Name,varchar
NonLandUse,Id,int
NonLandUse,Name,varchar
MotorcycleSuspensionType,Id,int
MotorcycleSuspensionType,Name,varchar
MotorcycleChassisType,Id,int
MotorcycleChassisType,Name,varchar
LowerBeamHeadlampLightSource,Id,int
LowerBeamHeadlampLightSource,Name,varchar
LaneKeepSystem,Id,int
LaneKeepSystem,Name,varchar
LaneDepartureWarning,Id,int
LaneDepartureWarning,Name,varchar
LaneCenteringAssistance,Id,int
LaneCenteringAssistance,Name,varchar
KeylessIgnition,Id,int
KeylessIgnition,Name,varchar
GrossVehicleWeightRating,Id,int
GrossVehicleWeightRating,Name,varchar
GrossVehicleWeightRating,SortOrder,int
GrossVehicleWeightRating,MinRangeWeight,int
GrossVehicleWeightRating,MaxRangeWeight,int
FuelType,Id,int
FuelType,Name,varchar
FuelTankType,Id,int
FuelTankType,Name,varchar
FuelTankMaterial,Id,int
FuelTankMaterial,Name,varchar
FuelDeliveryType,Id,int
FuelDeliveryType,Name,varchar
ForwardCollisionWarning,Id,int
ForwardCollisionWarning,Name,varchar
EVDriveUnit,Id,int
EVDriveUnit,Name,varchar
ErrorCode,Id,int
ErrorCode,Name,varchar
ErrorCode,AdditionalErrorText,varchar
ErrorCode,weight,int
EntertainmentSystem,Id,int
EntertainmentSystem,Name,varchar
EngineConfiguration,Id,int
EngineConfiguration,Name,varchar
ElectrificationLevel,Id,int
ElectrificationLevel,Name,varchar
EDR,Id,int
EDR,Name,varchar
ECS,Id,int
ECS,Name,varchar
DynamicBrakeSupport,Id,int
DynamicBrakeSupport,Name,varchar
DriveType,Id,int
DriveType,Name,varchar
DestinationMarket,Id,int
DestinationMarket,Name,varchar
DaytimeRunningLight,Id,int
DaytimeRunningLight,Name,varchar
CustomMotorcycleType,Id,int
CustomMotorcycleType,Name,varchar
Country,Id,int
Country,Name,varchar
Country,displayorder,int
CoolingType,Id,int
CoolingType,Name,varchar
CombinedBrakingSystem,Id,int
CombinedBrakingSystem,Name,varchar
ChargerLevel,Id,int
ChargerLevel,Name,varchar
CAN_AACN,Id,int
CAN_AACN,Name,varchar
BusType,Id,int
BusType,Name,varchar
BusFloorConfigType,Id,int
BusFloorConfigType,Name,varchar
BrakeSystem,Id,int
BrakeSystem,Name,varchar
BodyStyle,Id,int
BodyStyle,Name,varchar
BodyCab,Id,int
BodyCab,Name,varchar
