Id,Name,CreatedOn,UpdatedOn
37137,Tago,2025-11-12 15:30:21.413,NULL
37135,Pioneer 1000,2025-11-12 13:53:49.890,NULL
37134,FL Custom,2025-11-12 08:52:49.530,NULL
37133,Talon 1000,2025-11-10 15:35:01.703,2025-11-12 14:09:02.730
37132,Africa Twin Adventure Sports,2025-11-10 13:36:52.480,NULL
37131,Super Cub,2025-11-10 10:16:32.277,NULL
37130,Barter,2025-11-10 10:03:24.867,NULL
37128,Trailers Unlimited,2025-11-07 09:20:24.927,NULL
37127,Grom,2025-11-06 15:21:34.347,NULL
37126,Gold Wing Tour,2025-11-06 14:53:29.927,NULL
37125,Shadow Aero,2025-11-06 14:45:17.220,NULL
37124,Rude Boy,2025-11-06 14:11:03.313,NULL
37123,Ultimate Camper,2025-11-05 15:14:11.183,NULL
37122,TADA,2025-11-05 15:13:56.140,NULL
37121,AVIA,2025-11-05 15:13:43.330,NULL
37120,Barefoot,2025-11-05 15:13:26.820,NULL
37119,TAG,2025-11-05 15:13:12.820,NULL
37118,TAB,2025-11-05 15:13:04.603,NULL
37117,BWSR2,2025-11-05 10:13:47.343,NULL
37116,BWSR2,2025-11-05 10:13:39.520,NULL
