KBAManufacturerID,KBAManufacturerName,TotalCount
0603,VOLKSWAGEN-VW,10406391
0005,BAYER.MOT.WERKE-BMW,4463094
8566,FORD (D),3571460
0588,AUDI,3096804
1313,DAIMLER (D),3090802
0035,OPEL,2825518
8004,SKODA (CZ),2644547
3333,RENAULT (F),1833879
7593,SEAT (E),1520079
5013,TOYOTA EUROPE (B),1167064
2222,MERCEDES-BENZ,1072880
3003,PEUGEOT (F),993384
7801,STEMA,904695
7118,MAZDA (J),817585
1844,OPEL AUTOMOBILE,773682
3001,CITROEN (F),767825
4136,FIAT (I),695549
7721,HUMBAUR,675644
1349,HYUNDAI MOTOR (CZ),674657
8212,DACIA (RO),667554
0710,DAIMLERCHRYSLER (D),642545
1329,NISSAN (CH),629737
1727,FCA ITALY (I),585036
9101,VOLVO (S),534612
0999,DAIMLERCHRYSLER (D),517080
7102,SUZUKI (J),516075
1889,PSA AUTOMOBILES (F),513025
7100,HONDA MOTOR (J),409964
5984,HYUNDAI (TR),399727
0600,VOLKSWAGEN-VW,388305
6115,BOECKMANN,383268
0583,PORSCHE,365847
1260,KIA MOTORS (SK),361316
4013,PIAGGIO (I),351706
8253,KIA MOTOR (ROK),346167
8252,HYUNDAI MOTOR (ROK),324554
9702,SARIS (NL),303646
7101,YAMAHA (J),299657
8111,TPV PRIKOLICE (SLO),264561
8306,MAGYAR SUZUKI (H),264465
7103,KAWASAKI (J),261465
7107,MITSUBISHI (J),256226
3004,RENAULT (F),214784
6007,KTM (A),198716
0708,DAIMLERCHRYSLER (D),196971
1008,HARLEY-DAVIDSON(USA),195382
7431,MITSUBISHI (THA),183342
0091,KLOECKNER-H-DEUTZ,177481
0517,"FENDT,XAVER",170424
7686,WM MEYER,166184
0039,OPEL,165518
1480,TESLA (USA),163901
0404,HEINEMANN,145579
7765,KOCH,144248
2131,HONDA (UK),133066
4124,HONDA (I),130765
5048,TOYOTA MEM (B),129691
1590,JAGUAR LAND ROVER (UK),128057
0637,WESTFALIA-WERKE,124789
8307,AUDI (H),112766
0513,HOBBY-WOHNWAGENWERK,112108
9755,ANSSEMS (NL),110797
1128,DEERE (USA),109260
8357,HYUNDAI MOTOR (IND),107095
8638,UNSINN FZ-TECHNIK,103785
3144,NISSAN EUROPE (F),103422
8749,AGCO (D),100316
9609,BRENDERUP (DK),96308
0709,DAIMLER-BENZ,94935
1004,CHRYSLER (USA),94779
0617,"AUWAERTER,PAUL",93455
2014,TRIUMPH (UK),91821
7432,THAI HONDA (THA),90255
4042,DUCATI (I),87573
7884,STEDELE,82473
3029,MBK (F),81262
9758,MITSUBISHI (NL),80531
1726,FCA (USA),78472
1691,BRENDERUP (S),77333
7106,FUJI HEAVY IND.(J),75067
6024,PONGRATZ (A),74914
0747,KRONE,74739
9881,KNAUS TABBERT,74194
2234,KIA (SK),73578
1581,SCHMITZ CARGOBULL,73414
1566,FORD (AUS),73021
7104,TOYOTA (J),72728
1013,INTER HARV-IHC (USA),70195
0928,FORD (D),69430
8260,GM DAEWOO (ROK),69402
0009,DAIMLER-BENZ,69320
2233,KIA (ROK),69122
2228,NISSAN AUTOMOTIVE (F),68601
8722,FENDT CARAVAN,67678
9891,SMART,66098
7475,HONDA (RC),61568
5047,CNH (L),60885
0913,INTER HARV.-IHC (D),60062
9227,SORELPOL (PL),58104
6811,BARTHAU ANHAENGERBAU,57114
7111,DAIHATSU (J),54601
1044,THULE (DK),53137
4001,FIAT (I),53042
8265,GM KOREA,51251
7909,BMW M,50923
0008,DEERE (D),50380
8009,AGADOS (CZ),48253
0544,EICHER,43094
7070,DAIMLER TRUCK,42481
7803,IFA-AUTOMOBILW.,41758
9960,BLYSS,39573
1860,AUDI SPORT,39210
1028,FORD (USA),37461
2143,LAND ROVER (UK),37366
4041,SAME (I),37293
2180,SAIC (RC),36549
0381,KNAUS,35884
9648,NISSAN EUROPE (NL),34927
0618,DETHLEFFS,33966
6116,BUERSTNER,33778
8773,MCC SMART,32925
9116,SAAB AUTOMOBILE (S),32215
7966,EVOBUS,32158
2051,JAGUAR (UK),31472
3118,PEUGEOT MOTOCYCL.(F),31171
7607,MONTESA HONDA (E),31121
8819,SAME DEUTZ-FAHR,30665
0845,SACHSENRING,29948
0141,CASE,29440
1516,MAN TRUCK & BUS,28629
7795,HIRTH,28595
0356,HYMER (D),28355
1742,ALFA ROMEO (I),28027
1842,SUBARU (J),27772
7866,KOEGEL,26944
8251,SSANGYONG (ROK),24813
8352,MARUTI (IND),24481
0850,STANZ-U.EMAILLIERW.,24338
7453,KWANG YANG (RC),23635
7113,KUBOTA (J),22757
1778,FORD (IND),21939
1610,PIAGGIO (VN),21436
0475,KRAMER-WERKE,20776
1451,CLAAS TRACTOR (F),20652
0019,RHEINSTAHL HANOMAG,20316
9644,NETHERLANDS CAR (NL),19820
2299,KAWASAKI MOTORS (J),19781
2055,ROVER (UK),19019
6694,TABBERT,18997
4192,IVECO (I),18868
7967,QUATTRO,18642
9643,WAGENBOUW HAPERT(NL),18033
9646,FLAMINGO TRAIL.(NL),17765
1443,WOERMANN,17762
7731,MAN NUTZFAHRZEUGE,17739
1827,KSR (A),17396
1113,AVTOVAZ (RUS),16156
7819,STAHL-U.WALZW.BRAND.,16152
3040,AGCO (F),15993
5003,MAZDA (B),15646
0830,SCHWARZMUELLER,15629
7782,FAV,15330
0282,GUELDNER,14634
3023,MASSEY-FERGUSON (F),14485
1688,SUZUKI (THA),14412
4123,APRILIA (I),14328
7810,ENERGIEW.SCHW.PUMPE,13589
0443,ALLGAIER-PORSCHE,13545
8353,ENFIELD (IND),13538
2061,MASSEY-FERGUSON (UK),13087
4003,MOTO-GUZZI (I),12836
2219,POLESTAR (S),12346
4068,BETAMOTOR (I),12186
0698,SCHMITZ,12085
7851,LMC CARAVAN,11979
1006,GENERAL MOT-GMC(USA),11860
8110,ADRIA MOBIL (SLO),11765
7455,SANYANG (RC),11710
0221,"HOLDER,METZINGEN",11569
0868,MOTORRADW.ZSCHOP.-MZ,11540
1005,FORD (D),11281
1703,YAMAHA (RI),11229
7115,ISUZU (J),11008
4019,FERRARI (I),10962
8257,DAELIM (ROK),10960
4060,MV AGUSTA (I),10893
0591,AUDI NSU AUTO UNION,10866
7476,CHANGZHOU KWANG.(RC),10612
6344,SIGG,10493
1658,INDIAN MOTORCYCLE (USA),10418
3068,HYMER (F),10320
1153,HONDA (USA),10285
4000,ALFA ROMEO (I),10199
1434,HULCO,10146
7501,YAMAHA (E),10055
6166,HUEFFERMANN,10043
8952,TORGAU LANDMASCH-BAU,9727
1681,STREETSCOOTER,9472
5046,EDUARDS (B),9399
1699,SUZUKI INDOMOBIL (RI),9371
7610,SUZUKI (E),9206
4156,CNH (I),9189
4014,MASERATI (I),9091
1029,BUELL (USA),8847
2189,ZHEJIANG GEELY (RC),8835
6853,HARBECK,8551
6924,FAHRZEUGWERK GRUBE,8526
7105,NISSAN (J),8439
9600,DE FOR.TRAILERFA(DK),8431
1414,MERCEDES-AMG,8397
7452,YAMAHA (RC),8184
7735,ANH-BAU WITTENBERGE,7924
6111,BLOMERT,7855
9216,ZSP NIEWIADOW (PL),7592
9318,MINSK TRAK-WERK (BY),7581
9958,"AUWAERTER,FAHRZEUGW.",7413
1601,SCHMITZ CARGOBULL GOTHA,7377
7612,SANTANA (E),7311
8109,TPV (SLO),7263
3041,SOVAB (F),7109
1652,HONDA (VN),7077
7811,TREBBINER FAHRZEUGW.,7050
6443,KROEGER,6867
4051,FANTIC MOTOR (I),6827
2320,SMART (RC),6777
7891,TEC CARAVAN,6773
0505,BMW MOTORRAD,6680
6545,CI CARAVANS WILK,6486
0333,HAKO,6413
1327,WUYANG-HONDA (RC),6328
6784,HEKU,6298
0932,CLAAS,6257
0561,FAHR,6205
4074,FIAT TRATTORI (I),6111
4064,MASSEY-FERGUSON (I),6083
8921,GOERLITZ FEUERL-GER.,6065
0873,AUTOMOB-EISENACH-AWE,6011
7806,MULTICAR,6001
6922,KAROSSERIEWERK-KWE,5978
1766,GENERAL MOTORS (USA),5933
7963,DEUTZ-FAHR AGRARS.,5909
7656,ALPINA,5893
9840,MZ MOTORRAD-U.ZWEIR.,5678
7606,NISSAN (E),5566
1397,XIAMEN XIASHING (RC),5543
6009,BRANTNER (A),5501
8681,TIAG,5365
7526,GENERAL MOTORS (E),5344
0547,"SCHLUETER,ANTON",5285
1556,LADA,5276
4038,BENELLI (I),5234
2049,LEYLAND (UK),5114
1749,VARIANT (DK),5067
1216,PIAGGIO (RC),5044
7605,MERCEDES-BENZ (E),5025
8356,HONDA (IND),4912
0590,AUTO UNION,4822
6875,FELDBINDER,4688
2154,JINAN QINGQI KR (RC),4673
9407,VALTRA (FIN),4670
0533,"LANZ,AULENDORF",4669
2280,GREAT WALL MOTOR (RC),4651
6769,"MUELLER,MITTELTAL",4612
1189,YAMAHA MOTOR (RC),4564
1829,PELPI (I),4509
1620,THULE (S),4462
4127,HUSQVARNA (I),4454
4133,BELGARDA (I),4446
6206,MUENZ,4327
6003,STEYR-D-PUCH (A),4319
7892,"NISSEN,ADOLF",4223
0031,MASCH.F.A-NUERNB-MAN,4195
4027,CARRARO (I),4168
2160,BYD (RC),4142
9308,WOLGA-AUTOW.-VAZ/RUS,4135
7881,"KROEGER,FELIX",4019
0578,BAUTZ,4007
4114,ALFA LANCIA (I),3996
6918,DETHLEFFS CARAVANS,3995
2091,BENTLEY (UK),3980
0064,ZUENDAPP-WERKE,3949
0673,MEILLER,3900
0037,NSU-MOTORENWERKE,3869
4163,YAMAHA (I),3866
7457,TAIW.GOLDEN BEE (RC),3859
8254,HYOSUNG (ROK),3853
4134,NEW HOLLAND ITAL.(I),3840
8994,WALTERSHAUSEN FZ-W.,3803
2125,NISSAN (UK),3765
7671,ABL,3733
1211,ARGO (I),3727
7464,AEON MOTOR (RC),3686
1336,STAS (B),3686
3128,MATRA (F),3673
2142,MG ROVER (UK),3673
2184,SAIC MAXUS (RC),3548
1740,GUANGDONG TAYO (RC),3338
8706,SCHMITZ GOTHA,3322
1914,HONDA (BR),3261
0469,WICK,3259
9913,WESTFALIA-HEINEMANN,3242
9759,HENRA (NL),3232
1755,SWM (I),3210
1729,FLIEGL AGRARTECHNIK,3200
7433,THAI YAMAHA (THA),3069
0023,NUERNB.HERCULESWERKE,3067
7823,FAHRZEUGWERK WERDAU,3024
6012,LINDNER (A),3013
1259,CAPRON,2946
8918,SCHMIEDEFELD ISOKO,2934
1725,AGCO (CH),2927
6366,DUIS,2924
8899,LEIPZIG ELG SCHMIEDE,2907
6032,FIT-ZEL (A),2889
7458,STANDARD MOTOR (RC),2887
8757,CI WILK,2831
8965,DRESDEN LUFTTECH-ANL,2770
7877,KAESER,2766
6750,THIEL,2737
0594,"HEINKEL,STUTTGART",2696
4117,FIATGEOTECH (I),2694
7809,LANDTECHNIK SCHOENEB,2646
0889,SPITZER,2604
4115,S+L+H (I),2598
9226,PRONAR (PL),2594
7783,PGH,2593
6997,RUKU,2576
2135,NEW HOLLAND (UK),2574
9620,BUHL (DK),2565
1481,KWANTEN (B),2531
1575,EDER,2438
2023,CASE (UK),2385
7009,MCC (CH),2375
8635,COMPAIR,2289
8929,HENNIGSDORF BAUMECH.,2232
4104,MALAGUTI (I),2229
7693,ALF,2185
1793,CHONGQING LONCIN (RC),2169
8903,"HARTMANN,J.",2157
5028,FORD (B),2154
1174,POLARIS (USA),2145
5030,ATLAS COPCO (B),2139
0231,THRUN-EICKER,2124
6916,LORD MUENSTERLAND,2057
1949,RENAULT (F),1982
1578,SUNDIRO HONDA (RC),1971
6722,"REISCH,MARTIN",1954
0559,"FAHR-GUELDNER,ASCHA.",1921
4107,PININFARINA (I),1907
8701,REWACO,1902
1406,TEMPUS,1893
2327,B-ON,1870
2024,BROWN (UK),1821
7888,MOT.-U.ZWEIRADW.-MUZ,1818
1273,ZHEJIANG QIANJIANG (RC),1795
9750,ATEC (NL),1788
2063,AGCO (UK),1784
8569,FB,1779
8003,ZETOR ZKL (CZ),1776
9107,SAAB-SCANIA (S),1769
6952,VAW,1763
7528,FORD (E),1762
3033,ALPINE (F),1725
6005,CASE STEYR (A),1718
8255,DAEWOO (ROK),1716
1673,QUADRO (CH),1698
6956,ERIBA-HYMER,1675
1676,INNOTRAILER,1673
6384,BLOMENROEHR,1670
8200,UZINA TRACTORUL (R),1666
0654,"HIRTH,BRUNO",1660
3142,TRIGANO VDL (F),1653
6653,SACHS,1634
6900,PUTZ-U.FOERDERT.-PFT,1619
8640,JOTHA,1615
1343,KREIDLER EUROPE,1608
1278,JINAN QINGQI (RC),1605
8914,BERNAU ELG METALL,1605
6897,RUDOLPH & SOHN,1604
1712,BUECKER TRAILER,1600
6004,STEYR (A),1581
7611,NACIONAL MOTOR (E),1571
0598,GLAS,1559
0575,BMW MOTORSPORT,1523
1924,HANWAY (UK),1495
1497,ZHEJIANG CFMOTO (RC),1461
8998,SCHOENEBECK TRAK-W.,1451
0597,KREIDLER,1449
4015,LANDINI (I),1441
1767,CHONGQING SHINERAY (RC),1438
0560,"FAHR-GUELDNER,GOTTM.",1415
2111,AUSTIN ROVER (UK),1403
7845,FB METALLVERARBEIT.,1364
2127,IBC VEHICLES (UK),1335
1758,TEMPUS HOLDING,1322
8100,IMV-ADRIA (YU),1303
2257,NIO (RC),1302
1322,CLAAS (H),1294
1282,NINGBO LONGJIA (RC),1293
0899,FAHRZEUGW.OLBERNHAU,1282
1178,HONDA TURKIYE (TR),1282
2218,STREETSCOOTER ENGINEERING,1281
1909,CAMI (CDN),1272
3042,ERDE (F),1258
7461,HER CHEE (RC),1257
9120,SCANIA (S),1247
1309,ZHUZH.JIANSHE YAMAHA (RC),1242
0016,BARKAS-VEB,1229
0936,KRAMPE,1223
1831,YAMAHA (VN),1221
6948,FAHRZ.U.JAGDW-W.SUHL,1217
9594,EGHOLM (DK),1213
8677,"SCHMIDT,ST.BLASIEN",1194
2149,BL CARS (UK),1194
2076,XL HOLDING GROUP (RC),1176
5035,CHATEAU CARAVANS (B),1171
2295,INEOS AUTOMOTIVE (UK),1170
1847,JIANGSU SACIN (RC),1167
8612,SIEGEL,1149
1378,KOENIG TRAILER,1142
0162,"GUTBROD,BUEBINGEN",1137
4128,NEW HOLLAND FIAT (I),1114
6768,"HOLDER,GRUNBACH",1106
9864,D*SIGN,1102
2114,J I CASE (UK),1054
8002,AZNP-SKODA (CS),1046
9624,CAMP-LET (DK),1037
8698,LAMBERT,1023
1921,NANJING VMOTO (RC),1007
2060,STAND.TRIU.INT.(UK),1002
1493,BOECKER MASCHINENWERKE,999
1873,LAMBRETTA (A),999
1839,CLAAS MATERIAL HANDLING,988
7879,KHD AGRARTECHNIK,978
3113,SIR (F),975
1213,TOYOTA (ZA),961
7868,SPINDELBERGER,959
6923,FAHRZEUGW.THAELMANN,944
1555,BERGER (A),943
1512,DAEDONG (ROK),938
4043,MOTO MORINI (I),936
1715,KR MOTORS (ROK),927
7816,CAMPTOURIST,919
9922,OEHLER MASCHINEN,914
0436,KAERCHER,905
6829,KARO,880
8258,HYUNDAI PREC.(ROK),876
0582,AGRIA-WERKE,856
1246,TRIGANO REMORQUES (F),853
1172,CNH (USA),843
8025,VELOREXPORT (CS),842
6733,TECHAU,835
8906,ARANDT,825
8846,WARNOWWERFT,823
7108,TOYO KOGYO (J),818
8575,STEINBACHER,816
8881,ARNSTADT ANH-BAU,800
6773,HATZ,798
1121,CATERPILLAR (USA),793
1775,SHERCO (F),786
7468,JIANGSU LINHAI (RC),784
0545,WAHL,783
9629,VOLVO (NL),781
8500,SCHRADER,771
6181,KRESS,767
2197,ROLLS-ROYCE MC (UK),756
8907,JOHN,750
7149,MFTBC (J),750
1409,GAS GAS MOTOS (E),748
7900,BRINKMANN,748
2140,LAND ROVER GROUP(UK),743
0887,IRMER & ELZE,742
1853,NIU (RC),736
0631,ARBEITSGEM.VW-M.A.N.,728
0020,BORGWARD,724
9647,DAF TRUCKS (NL),723
8913,BERLIN SCHMIEDE-KAR.,722
2317,SUZUKI (IND),716
1196,KLAAS-ALU-KRANE,712
8909,HENZE,711
7463,C.P.I. MOTOR (RC),711
1568,JIANGLING (RC),703
1244,VOLVO CONSTR.EQUIPMENT(S),703
9223,DEBON (PL),702
1602,JIANGMEN DA CHANG (RC),702
8892,BERLIN AUFZUGBAU,686
9867,FB SIEMGL.-BRANDENB.,684
1661,THAI SUZUKI (THA),682
6542,ALF ADORNO+LEISENTR.,681
2128,INGERSOLL-RAND (UK),680
8107,ADRIA CARAVAN (SLO),673
9206,FSM (PL),673
0349,HKM,666
7932,FALCH,665
1342,SI-ZWEIRAD,660
2141,MCCORMICK (UK),657
6774,VESPA-RSM,655
1184,WIELTON (PL),654
1214,TOYOTA (THA),639
2130,TOYOTA (UK),638
1431,NANCY CHEVAL (F),637
9301,GAS (SU),616
0530,NORMAG,609
6761,STRAUTMANN,604
1704,YANMAR (NL),600
8895,HAASE,590
0377,EINHELL,571
1316,BOXER (I),567
8901,GOERLITZ STAHL/FZBAU,565
7724,HYMER-LEICHTM-BAU,559
7880,"HEIMANN,HUBERT",549
1751,NILFISK (DK),548
1629,KUHZ,540
1375,ZHEJIANG CHANGLING (RC),527
4106,BERTONE (I),521
0543,ARBGEM.MF/EICHER,511
4002,LANCIA (I),503
1845,UM LOHIA (IND),488
3091,CHRYSLER (F),488
0025,HOREX,487
2078,VIKING (DK),486
4086,LAMBORGHINI TRATT(I),481
0826,HAHN,479
1291,MARO (CZ),477
1694,PIAGGIO (IND),474
2325,FISKER GROUP (USA),469
6010,REFORM-WERKE (A),467
7077,DAIMLER BUSES,464
2134,ABI (UK),461
1932,E.GO,460
5983,HONDA (TR),456
1809,LOVOL (RC),452
0154,ROBUR,452
7473,REINMECH CORP.(RC),444
1254,ZHEJIANG WANGYE (RC),441
7467,DINLI (RC),431
1942,BOMBARDIER (CDN),429
0144,WILLIG,427
0657,KAESSBOHRER,427
4087,ITALJET (I),427
0273,LLOYD,427
8908,LIEBSCH,423
0073,PROGRESSWERK,422
9310,AZLK MOSKAU (SU),421
2028,FORD (UK),418
1012,MITSUBISHI (USA),411
1381,SFM,411
9733,BROSHUIS (NL),409
2216,NEXT.E.GO,409
1561,LML LIMITED (IND),408
8904,OESER,400
8905,BRAUNE,390
5016,VOLVO (B),390
0384,"BUNGARTZ,B.& PESCHKE",389
1801,TORROT (E),383
1223,BMS,382
0056,TRIUMPH WERKE,381
7691,IVECO-MAGIRUS,381
1865,TAIZHOU ZHONGNENG (RC),378
0203,MASSEY-FERGUSON (D),372
7858,MOETEFINDT,371
0001,ADLERWERKE,371
9591,OMME LIFT (DK),369
2271,LANZHOU ZHIDOU (RC),365
0204,WILK CARAVANING,357
1234,GUANGZHOU PA.HUANAN (RC),357
1507,DEMHARTER,356
9939,JOCHEN SOMMER,348
0642,WOLFANGEL,345
9954,SAXAS,344
2241,JIANGSU LVNENG (RC),340
8889,"HEINEMANN,H.",340
6462,MIDDENDORF,340
9309,UAZ (SU),339
2321,RIVIAN (USA),338
7907,ARGE AUDI/PORSCHE,336
7012,AEBI (CH),334
6525,MAUS,333
8842,HENNIGSDORF SWW,328
7597,DEERE (E),327
1048,DIAMOND (USA),321
0884,MANNESM.DEMAG-DRUCKL,321
9122,HUSABERG (S),315
2291,MICROLINO (I),314
1016,CASE (USA),314
0003,ROSSKNECHT,313
0668,MENGELE,312
9956,FIBERLINE,305
3012,ERKA (F),303
1595,QUADRO TECNOLOGIE (I),303
1379,ACCESS MOTOR (RC),299
4135,MERLO (I),295
8897,HANS,294
2174,HESHAN GUOJI (RC),293
8902,WOETZEL,292
0159,FZ-MA-REGENSBURG-FMR,289
1915,YAMAHA (BR),288
0661,LIEBHERR,286
2183,ESCORTS LIMITED (IND),285
0481,MAICO-FAHRZEUGFABRIK,282
8898,FRIEDEL,274
1217,KEEWAY (H),268
0024,HANOMAG-HENSCHEL,264
2229,ZHEJIANG CHUANGTAI (RC),262
1885,TAIZHOU WANGYE (RC),257
3090,TALBOT AUTOMOB.(F),257
4026,LAMBORGHINI (I),254
1744,TIMA (A),252
9708,VAN DOORNE-DAF (NL),251
0519,WEIPPERT,250
4073,LEYLAND-INNOCENTI(I),245
1221,R.G.P. (I),243
9330,IRBIT MOTORC.PL(RUS),243
2030,LONDON EV COMPANY (UK),241
9616,COMBI-CAMP (DK),240
8818,"SKW,BRAND-ERBISDORF",240
8490,"UNSINN,H.",240
3102,RENAULT-RVI (F),240
8202,UAP (R),237
3092,SIMCA (F),236
2272,ECOBIT (I),235
8838,DIETLAS,231
2341,ZHEJIANG CHIHUI (RC),230
8104,ZELEZARNA STORE (YU),228
7670,OBERL.STAHL-U.FZ-BAU,228
6192,MARQUARDT,226
7508,RIEJU (E),225
8962,KAKERBECK FZ-BAU,225
0364,EMMINGHAUS,225
1533,ATLAS WEYHAUSEN,224
0937,CLAAS SAULGAU,223
2132,NEW HOLLAND FORD(UK),222
6001,STEYR-PUCH (A),221
1281,ZAKLADY SPRZETU (PL),220
7860,SUHLER FZ-WERKE,219
6995,IFA-KAROSSERIEWERKE,214
7469,BAROSSA MOTOR (RC),211
4005,AUTOBIANCHI (I),209
9897,"PUTZMEISTER,AICHTAL",205
1890,GOLDEN LION (SGP),205
1582,BOBCAT (F),201
8896,GERSTENBERGER,201
1265,JLFD (F),200
0036,DEUTSCHE FIAT/NECKAR,200
1506,WEBER STAHL,195
2256,NANJING GOLD. DRAGON (RC),195
2172,EVUM MOTORS,192
9618,SOENDER OMME (DK),192
7903,"SCHMID,FAHRZEUGBAU",190
4067,ALFAROMEO ALFASUD(I),189
2287,WICK TRAILER,188
7897,WECON,187
9225,FABRYKA PRZYCZEP(PL),187
7401,PROTON (MAL),186
8915,SCHWARZE-PUMPE GASKO,180
8900,LEITERITZ,178
7818,BARKAS,177
7112,ISEKI (J),172
0058,VICTORIA WERKE,167
9892,KAESSBOHRER FAHRZW.,166
6929,WESTERIA,166
1632,NILFISK-ADVANCE (DK),162
8737,MS-PARTS,161
6667,FINKL,160
3149,RENAULT TRUCKS (F),159
1756,MITSUBISHI FUSO (J),159
2194,KUHZ METALLBAU,157
0424,DINKEL,156
0218,SCHANZLIN,156
8015,PROSTEJOV (CS),156
8964,TREUENBRIETZEN FZW,153
0552,GOTHA ANH-BAU,151
7789,GAMO,150
0518,"FENDT,XAVER/ASBACH-B",148
7970,KOMATSU HANOMAG,147
9752,VAN VOSSEN (NL),147
9123,VOLVO WHEEL LOAD.(S),144
6591,MAGIRUS-DEUTZ,143
1584,HOREX (D),142
7767,HANOMAG AG,142
0907,SCHARFEN,141
2332,RA ENGINEERING (UK),140
0004,WUERZ,139
4158,CARROZZERIA PEZ.(I),139
1624,SCHWINGENSCHLOEGEL (A),138
7808,FAHRZEUGBAU WITTENB.,136
0097,DUERKOPP,135
6158,EIFELLAND-HENNERICI,135
7503,N.M.I.S.A.(E),133
9202,FSO (PL),133
9312,SAS (SU),132
0435,"KOEGEL,F.X.",131
9825,MASCHINENFAB.KRONE,131
9402,SAAB VALMET (SF),130
8920,BAD DUEBEN CAMPINGWG,128
0015,FAUN-WERKE,127
1683,ZERO MOTORCYCLES (USA),126
9716,KIP (NL),124
2150,ZONGSHEN INDUSTRIAL (RC),124
1905,NEW HOLLAND (CDN),122
8917,HEIMSTOLZ,122
4058,GOLDONI (I),119
2253,UM MOTORCYCLES (UK),117
0684,PEKA-FAHRZEUGBAU,117
1675,CHANGZHOU DONGFENG (RC),117
6990,SAUERBURGER,116
7831,FAHRZEUGB.LUEBTHEEN,116
6790,WOLPERDING,115
0835,ZWEIRAD-UNION,115
8705,"OEHLER,HERBERT",115
0655,KALI,114
9921,KNAUF PFT,114
8894,DONNER,112
8888,"HERZOG,R.",110
1550,MCLAREN (UK),110
9802,POLYESTER MALCHOW,109
6700,UNSINN,108
1032,MAZDA (USA),106
0542,ORENSTEIN & KOPPEL,105
1782,"KLAAS, THEODOR",104
1639,UNU,103
4141,ELLEBI (I),103
1258,ZHEJIANG SHENMAO (RC),103
0245,EXPRESS-WERKE,100
1436,HITACHI (NL),100
0391,"HOFFMANN-WERKE,LINT.",100
4091,BIMOTA (I),97
0939,FICKERS,94
2075,SCUTUM (E),94
8544,OHLMEIER,94
0002,ARDIE-WERK,93
1573,SKY TEAM (RC),93
3053,MOTOBECANE (F),91
7935,ANTIP,90
0320,VERE.FLUGT.WERKE-VFW,90
0724,WELGER,90
2138,WILLIAMS (UK),90
0553,TATRA (CZ),88
1588,FISKER (USA),87
1204,GFB,87
2207,KIRCHHOFF ECOTEC,87
9813,SERRA MASCHINENBAU,85
2375,WUHAN LOTUS (RC),85
6030,CNH (A),84
1863,BEIJING BORGWARD (RC),82
2338,LUCID (USA),81
1503,E-BILITY,81
0321,MIELE & CIE,81
2016,COMPAIR HOLMAN (UK),80
0531,RITSCHER,80
4022,FIAT LANCIA (I),79
0395,RABENEICK,78
2144,BORCO HOEHNS,77
1240,HEIZOMAT,77
8976,BERLIN GARTENBAUTECH,76
8760,VIETZ,75
8102,ZASTAVA (YU),75
1156,J I CASE (USA),74
2265,BLACK TEA,73
1488,ZHEJIANG JIAJUE (RC),73
0508,ZETTELMEYER,73
0669,KIEFER,73
1718,BUCHER (CH),71
8990,GADEBUSCH LANDTECH.,70
2068,VAUXHALL (UK),70
4138,BERTUOLA (I),70
9317,LENINGRAD TRAK-W(SU),69
9050,WIDEROE (N),69
0054,VIDAL & SOHN,67
3137,VOXAN (F),67
5050,JLG MANUFACT. (B),67
1978,TROPOS (USA),67
1158,JEEP EAGLE (USA),67
0451,STIHL,66
5981,KANUNI (TR),66
1159,TOYOTA (USA),64
3136,MANITOU (F),64
1822,SHANDONG ASIAWING (RC),64
1955,SOFLOW (NL),64
9748,BOVA (NL),63
0343,DEUTSCHE WAG.U.M-DWM,63
4049,ROLLER (I),61
2238,DNA MOTORS (ROK),61
0504,RIXE,61
9628,FORD (NL),60
8911,DOEBLITZ,60
6019,GELAENDEF.GES-GFG(A),60
0863,CORSAR WOHNWAGENBAU,59
8718,MICHAELSEN,58
1369,KTM-SPORTCAR (A),58
1353,LIFAN (RC),57
8916,ERFURT-MARBACH AUTOZ,57
0130,WEISSER,56
4007,PGS MOTO ZAP.(I),55
1717,3DOG CAMPING (D),55
9943,OPEN CONCEPTS,54
2015,SCHMIDT (UK),53
7613,AUSA (E),52
0359,KLEPPER-WERKE,51
0803,NIEDERS.WAGGONFABRIK,51
4008,AGRATI-GARELLI (I),50
8927,FINSTERWALDE FIMAG,49
1541,DYNAJET,49
0569,ROEHR,49
1583,MECALAC BAUMASCHINEN,49
4025,INNOCENTI (I),49
4099,CAGIVA (I),49
0919,HANOMAG GMBH,49
4033,OSI (I),49
0775,"BRUNS,BAD ZWISCHENA.",48
9747,DAF (NL),48
0258,LELY-DECHENTREITER,48
8458,"LANSING,VREDEN",48
0279,GOERICKEWERKE,48
0182,FRANKF.MASCH.BAU-FMA,48
0417,GOLIATH-WERK,47
8886,LEIPZIG CHEMIEANL.,47
1401,3DOG CAMPING,46
1800,S.C. POP INDUSTRY (RO),46
0499,"BERGMANN,L.",46
1293,DOOSAN (ROK),45
7466,UNILLI MOTOR (RC),45
1492,CHONGQING HUANSONG (RC),45
1386,DOOSAN (IRL),45
1168,NEW HOLLAND (USA),44
1242,WESTFALIA-TRAILER-SYSTEMS,44
6954,KROEGER + SCHICKLING,44
2269,VERTIGO (E),43
6541,"BERGER,FELLBACH",43
0055,TORNAX-WERK,42
8013,ZTS MARTIN (CS),42
8970,BABELSBERG MASCH-BAU,41
7960,"HOFMANN,FREUDENBERG",41
1268,NEUSON (A),41
1946,KAUFMANN (D),41
3002,FRANCOLAM (F),40
2115,NINEBOT (RC),40
1354,CHINA ENGINE (RC),40
7505,NISSAN VEHICULOS (E),39
8981,LEIPZIG FZ-U.TRANSP.,39
9843,TRIKETEC,39
1760,SCOMADI (UK),38
3150,HITACHI-CONSTR.(F),38
6705,MAACK,37
8878,IMPULSA,37
0763,SCHWEIKERT,37
2108,LAND ROVER (UK),36
0251,HOEHNS,36
0324,PESCHKE,36
8300,IKARUS (H),36
7943,WANNER,35
1808,BLUECAR (F),35
9596,EPOKE (DK),35
1229,ISHIKAWAJIMA-SHIBAURA (J),35
6877,JENBACHER WERKE,35
6798,PIETSCH,35
0043,EISENACHER MOT.W-EMW,35
0906,MASS-FERG-HANOMAG(D),34
5034,HONDA (B),34
3148,USINES CLAAS (F),33
8971,POTSDAM MASCHINENBAU,33
2255,ALRENDO (RC),33
5029,IMV-ADRIA (B),33
0418,FAHRZGW.BUECKE.-FAKA,33
1351,S&T MOTORS (ROK),32
6727,SCHOLL,32
1524,WINORA,32
1180,LONCIN GROUP (RC),32
0205,DIEDAM,32
7510,MOTORHISPANIA (E),31
7825,CAL-APPARATEBAU,31
7887,"FISCHER,FZ-BAU",30
1439,GAMAX (RC),30
4110,TRATT.LAMBORGHINI(I),30
7930,AUBURGER & MUELLER,30
8865,HALLE KAROSSERIEWERK,30
0259,HUBER & WOESSNER,30
6326,ALU.U.METALLWAR.-AMF,30
7114,HITACHI (J),29
7507,HNOS.SANCHEZ-LAF.(E),29
4150,VOR MOTORI (I),29
6678,SEDELMAYER,28
1947,WALBERG,28
2300,LUOYANG NORTHERN MC (RC),28
6631,GOLDHOFER,28
8882,KARSTAEDT ANH-BAU,28
6586,AHLMANN-MASCHINENBAU,28
6023,STETZL (A),28
4157,VALPADANA (I),27
7883,STORCH,27
0862,HANNEFORTH,27
8006,JAWA (CS),27
0190,STEFFENEWERS,27
1400,MITSUBISHI (AUS),27
1685,CATTANEO (I),27
7719,HANOMAG BAUMASCHINEN,27
8655,FGS,27
0319,"BARTSCH,W.-WOLFBART",27
2383,ESCORTS KUBOTA (IND),27
1731,KTM SPORTCAR (A),26
4083,NUOVA-INNOCENTI (I),26
7474,CIXI KING.(RC),26
0007,BUESSING,26
1605,TONG YANG MOOLSAN (ROK),26
6898,ISARTALER,26
1804,ZHEJIANG SHANQI (RC),26
6571,"FISCHER,GEORG",26
1486,TAZZARI (I),25
1593,TOYOTA CAETANO (P),25
8835,MAGDEBURG MASCH-BAU,25
2018,WESTFIELD (UK),25
8001,CZ-BOEHM.MOTOREN(CS),25
9850,NEOPLAN BUS,24
0010,DKW,24
9606,VESTAS (DK),24
1219,FRESH BREEZE,24
1984,ZHEJIANG JINBANG (RC),24
8967,POTSDAM LANDTECHNIK,24
7975,EURA MOBIL,23
2002,AUSTIN (UK),23
5008,GENERAL PRODUCTS (B),23
2379,LIVEWIRE (USA),23
0311,MARS-WERKE,23
9704,INTERCYCLE (NL),23
9811,SIMSON MOTORRAD,23
3063,SPL (F),23
9102,SAAB (S),23
1395,XINGYUE (RC),22
0492,"SAURE,WILHELM",22
6820,DEHLER YACHTBAU,22
6013,LIEBHERR (A),22
6623,AMAZONEN-WERKE H. DREYER,22
1607,TADANO FAUN,22
8815,EBERHARDT-MENGELE,21
2311,ZHEJIANG KAYO (RC),21
1235,CHONGQING LIFAN (RC),21
1986,CITYBLITZ,21
6677,KOEDEL & BOEHM,21
0022,RHEINSTAHL HENSCHEL,21
6169,JOTHAWERK,21
2304,WIN LIFE (E),21
6825,KALI FAHRZEUGBAU,20
0183,MEIWA,20
1919,GUANGZHOU FEKON (RC),20
6883,SCHUCHERT&BRAEUNING,20
8919,KRETSCHMER,20
3146,SCCM (F),20
1941,BUHLER (CDN),20
0057,UT-MOTORRADFABRIK,19
6805,"MIDDENDORF,MARKTSCH.",19
8747,SIMSON ZWEIRAD,19
6435,WIKING,19
5051,FORD (TR),19
0334,LEY,19
9968,VOLVO CONSTRUCTION,19
6163,"HOFFMANN,ESCHERSHSN.",19
0726,WESTDEUTSCHE C.WOLF,18
1370,VDL BUS & COACH (NL),18
8112,AGROMEHANIKA (SLO),18
6029,AEBI RASANT (A),18
7813,KAROSSERIEW.DRESDEN,18
9597,DENKA LIFT (DK),18
2346,GASGAS (E),18
7800,MELKUS,18
1094,BOSS HOSS(USA),18
1173,CNH AMER.LLC (USA),17
8960,BORNSEN SPEZ-ANH-BAU,17
5982,TEMSA (TR),17
3030,HEYWANG (F),17
1479,BECKMANN VOLMER (PL),17
7824,FAWI,17
8808,STUFF,17
8005,POVAZSKE-JAWA (CS),17
1183,INGERSOLL-RAND (CZ),17
6690,STILL,17
9316,CHARKOW TRAK-W.(SU),17
1549,MIA ELECTRIC (F),17
1759,M1-SPORTTECHNIK,17
8891,BELLING,17
2176,JETLOADER KWANTEN (B),16
1931,SCHELL,16
9951,KAMAG,16
5009,CONSTRUCTAM (B),16
9949,AHLMANN-BAUMASCHINEN,16
1559,SEKA,16
2179,ENERGICA (I),16
8798,MASCHINENF.STOLPEN,15
0138,"HUMMEL,LUDWIG",15
8961,MAGDEBURG UNITRAS,15
2139,COMPAIR (UK),15
7878,CRAMER,15
3039,JAMET (F),15
3000,BUGATTI (F),15
7657,FRANKIA,15
7028,GRUETER+GUT (CH),15
6751,STEINKUHLE-FRISTEIN,15
0551,THURNER,15
0579,KLEINSCHNITTGER-W.,15
0323,PANTHERWERKE,15
8027,TECHNOSPORT (CR),15
8978,BRANDIS FAHRZEUGBAU,15
0474,"MEISTER,BIELEFELD",15
1517,RIESE & MUELLER,15
2086,CHRYSLER (UK),14
0244,SCHAUBSTAHL-BEHACO,14
2286,RESPO (EST),14
7874,TREBBINER FAHRZEUGB.,14
5039,HOME-CAR (B),14
6701,KEMPER,14
0076,INDUST.KARLSRUHE-IWK,14
6390,WEYHAUSEN,14
1058,TALSON (NL),14
9615,FRENDERUP (DK),14
2052,MORRIS (UK),14
0612,SOLO,14
0200,WIEDENLUEBBERT,14
0858,GOESSER,13
6795,WEISIG,13
0520,REIMANN,13
9631,NOVEL (NL),13
1684,MANITOWOC (F),13
1825,YANMAR,13
7729,ANSCHAU,13
2395,JIANGSU XINRI (RC),13
9617,JECOTE (DK),13
2029,IVECO FORD (UK),13
1074,INGERSOLL-RAND (USA),13
2275,UK MODEN (UK),13
1276,BRENDON (UK),13
0651,STEIB,12
1864,NEMAUSUS (F),12
0679,"VIDAL,HERBERT",12
1982,HYUNDAI CONSTR. (ROK),12
2282,CAKE (S),12
2025,NUFFIELD (UK),12
3045,DEERE (F),12
5014,NIMROD (B),12
0731,PFEFFERKORN,12
8851,DOELLSTAEDT TFG,12
0353,TORPEDO-WERKE,12
8979,NEUSTADT LANDMASCH.,12
6534,KLAAS,12
7786,FURUKAWA,12
9314,KREMENTSCHUG (SU),12
1975,KARCHER,12
0539,IRUSWERKE,12
8019,BSS BRANDYS (CS),12
1382,ZHEJIANG LINGYU (RC),12
9638,WERKVOORZ.-SCHAP(NL),12
4126,ROTAIR (I),11
1394,ONTARIO (CDN),11
7001,MOTOSACOCHE (CH),11
1657,ALBACH,11
0486,BISMARCKWERKE,11
4039,FIAT-OM (I),11
1171,CASE LLC (USA),11
1267,JOHN DEERE (NL),11
8910,HAENSEL,11
4164,NEW HOLLAND KOB. (I),11
9323,ZIL-WERKE (SU),11
9603,BUKH (DK),11
2020,LDV (UK),11
7833,SPEZI BAU,11
4154,TEAM AZZALIN (I),11
2240,XIAOBEN (RC),10
0345,PUTZMEISTERWERK,10
8880,WERNIGERODE KARO-BAU,10
6988,LEHMANN U.JACOB,10
1084,CONSTRUCOES PLUMA (P),10
1910,FORD NEWHOLLAND(CDN),10
4111,OM FERRARI (I),10
2260,PURPLE LINE (UK),10
8689,MTD PRODUCTS,10
0234,POETTINGER (A),10
0176,ZEPPENFELD,10
9306,URAL (SU),10
0212,"BOECKER,ALBERT",10
7885,SAB VIETZ,10
2254,CHANGZHOU NIU (RC),10
4191,IVECO FIAT (I),9
7005,BUCHER-GUYER (CH),9
0220,MINIMAX,9
8105,IVO LOLA RIBAR (YU),9
1438,CHUNFENG (RC),9
1883,DALLARA (I),9
1723,VOCOL,9
9611,PEDERSEN (DK),9
8883,PGH LEIPZIG,9
8986,DESSAU OEVW,9
0196,"ROEHRS,HERMANN",9
8204,INTREPRINDEREA (R),9
1647,LINDDANA (DK),9
0092,"TOTAL,FOERSTNER & CO",9
1288,JET POWER(RC),9
0614,BLUMHARDT,9
1279,TAIZHOU CHUANL(RC),9
1626,SCHULTES,9
1186,EOHIPPUS,9
2259,ESCHLBOECK (A),8
3094,ACL (F),8
7599,CHRYSLER (E),8
2009,ROLLS-ROYCE (UK),8
9753,HOTRA (NL),8
1571,OK KARDESLER (TR),8
2145,PATONA (E),8
1763,HOREX MOTORCYCLES,8
7839,ELG BRANDENBURG,8
8975,WEIMAR-WERK,8
1823,KOMATSU,8
1879,QUARTA,8
7714,KUEPPER + WEISSER,8
0197,KAELBLE,8
9612,THOMSEN (DK),8
1790,DUCATI (THA),8
7840,APOLDAER FEUERL-GER.,8
0065,BACHERT,8
8869,DRESDEN STROMANL-BAU,8
1934,OMC AXLES & TRAILERS (I),8
1702,PENDING SYSTEM,8
9953,E.-ATV RACING,8
9760,VLASTUIN R.E.(NL),8
9926,WK TRIKES,8
0093,ZIEGLER,8
0495,ANKER/PAMAG,8
1412,KARAVAN TRAILERS (USA),8
3126,MANURHIN (F),8
1861,AIXAM (F),8
8572,AUBURGER,8
7927,TECNO,8
8787,TIRSAN,8
1289,K.L.(I),7
8833,LEMKE,7
1958,SEGWAY (NL),7
1631,METAL-FACH (PL),7
1709,SCANVOGN (DK),7
9104,BOLINDER-MUNKTELL(S),7
1650,TEREX COMPACT GERMANY,7
0949,"GREWE,HERMANN",7
8879,MALSCHWITZ BHG,7
7777,GREENLAND,7
1473,BASOGLU (TR),7
9322,LICHATSCHOW (SU),7
2252,KRONE AGRICULTURE,7
0021,HECKER,7
7006,HUERLIMANN (CH),7
6018,KAESSBOHRER (A),7
0398,RIEDEL,7
7705,SENNEBOGEN,7
7683,METZGER,7
0660,"KOEHLER,BREMEN",7
7805,PEMA,7
8991,ASCHERSLEBEN KAROSS.,7
3130,MECANO-GALVA (F),7
0671,MASSHOLDER,7
8992,BERLIN SPEZIALFZ-W.,6
2084,TALBOT MOTOR (UK),6
1224,PERAVES (CH),6
3107,STERCKEMAN (F),6
1616,GOBAX,6
1461,LS CABLE (ROK),6
9621,HANSEN & SKOV (DK),6
0555,ACHILLES-WERKE,6
1761,JIANGSU DAFIER (RC),6
1806,FARMTECH (SLO),6
6961,CHEMOWERK,6
6155,HELLMICH,6
6536,BREINING,6
4004,VIGNALE (I),6
2288,CENNTRO (USA),6
9110,BOJ (S),6
9714,CARSTABO (NL),6
1923,DOOSAN (CZ),6
6777,SCHEUERLE,6
3005,FURUKAWA (F),6
3006,PEUGEOT CYCLES (F),6
7857,ANNABURGER NUTZFZ.,6
1380,ZHEJIANG JMSTAR SHEN.(RC),6
8203,UZINA MECANICA (R),5
6781,"STOCKBURGER,EUGEN",5
0516,BASTERT-WERKE,5
3073,LOHR (F),5
4102,CIMATTI (I),5
8977,NORDHAUSEN ZV-MECHAN,5
1182,OTOKAR (TR),5
0480,"WANDERER-WERKE,HAAR",5
1352,DERBY CYCLE,5
8831,MOESER FAHRZEUGWERKE,5
5032,SAAB EUROPE (B),5
9751,SCANIA NEDERLAND(NL),5
0788,"KRAUTTER,OTTO",5
8984,HALLE INDUSTRIEWERK,5
4159,VERTEMATI MOTO (I),5
7665,DRESSER,5
4137,FIAT HITACHI (I),5
6540,"MERSCH,FRANZ",5
3138,LIGIER (F),5
0388,FRISCH,5
0328,RUTHEMEYER,5
4161,EGIMOTORS (I),5
6860,KOMBINAT FORTSCHRITT,5
5049,CNH (B),5
2124,BROWN HORSEBOXES(UK),5
0350,SCHWARTBECK-FORTUNA,5
0445,NORDD.TRAKT-NORDTRAK,4
3016,SULLAIR EUROPE (F),4
1372,SIP (SLO),4
6628,NIEPER,4
8491,STAUDINGER,4
1987,ROPA,4
0049,"GUTBROD,PLOCHINGEN",4
0627,EHLERS,4
8870,PIRNA STROEM-MASCH.,4
1383,ZHEJIANG XINGYUE (RC),4
2080,KRONINGS (DK),4
2044,AMAZONE (F),4
0699,FAHRZEUGW.KULMBACH,4
5980,MERCEDES-B.TUERK(TR),4
1554,DURMUS OEZGUEL (TR),4
5985,ANADOLU ISUZU (TR),4
4125,PEZZAIOLI (I),4
1619,DIECI (I),4
9315,KAMA AUTOMOBILW.(SU),4
3145,CNH FRANCE (F),4
0525,GEIER-WERKE,4
6767,RUHRSTAHL,4
1257,PFANZELT,4
1630,GLAAP & BRINKMANN,4
0712,UNTERHOLZNER,4
1195,AMSTRONG (RC),4
7763,ECOAIR,4
9208,FSC (PL),4
8997,ZERBST LANDTECHNIK,4
8855,DRESDEN VERKEHRSKOM.,4
1991,AUTHENTIC,4
1772,GOVECS (PL),4
8358,TATA ENG.(IND),4
8989,NEUBRANDENBURG REP-W,4
0149,JENBACHER (A),4
8830,FAME,4
8864,WERNEUCHEN KAROS-BAU,4
0502,GRITZNER-KAYSER,4
3048,ACMA (F),4
6611,KRUSE,4
9220,OMAG (PL),4
1680,EMCO,4
8963,WAREN FORSTTECH.,4
5010,GEUSENS-LAG (B),3
2345,ETESIA (F),3
8995,OBERLICHTENAU FORST.,3
7015,BOSCHUNG (CH),3
6202,MEYERS,3
0609,"BAUER,PETER",3
2171,VANDERHALL,3
1311,ARKUS&ROMET(PL),3
1721,CLAAS (D),3
7829,FAHRZEUGBAU LEIPZIG,3
2221,HOLDER,3
0082,VENUS,3
2337,VENT (I),3
0096,ELEKTROMASCH.FULDA,3
4162,L.M.P. (I),3
6868,SCHAEFF,3
2003,BSA (UK),3
6011,ROTAX (A),3
9602,GYRO (DK),3
8945,EILENBURG LANDTECH.,3
9604,J.F.-FABRIKEN (DK),3
2185,MAS ELEKTRONIK,3
8866,MIROW FAHRZEUGBAU,3
6936,SUZUKI,3
8959,MEININGEN LANDTECH.,3
8996,BERLIN WASSERTECHNIK,3
1384,JIANGSU SINSKI SONIK (RC),3
1508,ZEG,3
2107,SINCLAIR (UK),3
2374,TVS (IND),3
3056,SAVIEM (F),3
3096,SOTTIAUX (F),3
0882,DEMAG-DRUCKLUFTTECHN,3
8303,BUDAMOBIL (H),3
0161,"BRUNS,GEESTE",3
6014,MENGELE (A),3
8928,ZWICKAUER MASCH-FAB.,3
1700,CLEVERTRAILER (CH),3
1603,HUMER (A),3
2309,GRANDRO (PL),3
0688,RENGER,3
0527,SCHMOTZER,3
8844,DRESDEN WAERMEGER.,3
6025,BISO (A),3
0510,BAUER-WERKE,3
2289,TWIN ARC (B),3
1929,FLYER (CH),3
7758,LESCHA,3
8957,NAUEN LANDTECH.,3
8008,CZM (CS),3
8708,MV LUEBTHEEN,3
1762,ZHEJIANG JIAJIAJUNENG(RC),3
8836,SCHNEIDER,3
9108,VOLVO BM (S),3
0511,HAGEDORN,3
0344,HACHMEISTER,3
0692,SCHENK,3
0915,"BRAUN,HEINZ",3
3115,J I CASE (F),3
6437,KNAUSS,3
0030,CHAMPION,3
8871,BERLIN BDS,3
9925,"BOHNACKER,WALDST.",3
4100,MARANGON (I),3
6501,"WERNER,TRIER-EHRANG",2
7502,MOTO VESPA (E),2
0040,PHAENOMEN,2
1417,ZECK,2
1664,OFF.BREV.CARON (I),2
8912,MECHAN.BAUWESEN-MBK,2
6776,KRUEGER,2
9313,MINSK AUTOMOBIL.(SU),2
7838,LAFARO,2
0950,KUNSTSTOFF,2
7821,RAU,2
2350,YANGZHOU YAXING (RC),2
0028,KRUPP,2
0717,WAGENER,2
7703,SPAEGELE,2
0178,WALTHER & CIE,2
0173,BARTH,2
8793,WILLIBALD,2
0908,REHBERGER,2
4009,SIATA (I),2
4131,TURBOSOL (I),2
6748,MOESSBAUER,2
9601,RANDERS (DK),2
0823,FAHRZEUGW.LUEBTHEEN,2
0606,"MANDERBACH,PAUL",2
4101,MOTO BM (I),2
4140,BCS (I),2
9595,HARDI INTERNAT.(DK),2
0399,"BLEICHERT,KOELN",2
0422,EBERLE,2
1695,WELSH HARP (UK),2
6330,EIWELEIT,2
0512,LUTHER-WERKE,2
9735,TOMOS (NL),2
2351,CHONGQING HUANGHE (RC),2
9219,WOOD-MIZER (PL),2
8152,GORGOLIS (GR),2
9720,STERO (NL),2
2364,SHARKGULF (RC),2
3143,HITACHI-FURUKAWA (F),2
1591,TOMBERLIN (USA),2
1187,TOWER-LIGHT,2
6205,"MUELLER,DUESSELDORF",2
1441,MZ MOTORENWERKE,2
6320,GRUENZWEIG&HARTMANN,2
9124,CABBY (S),2
0194,POLLMEIER,2
0072,HAGELSTEIN,2
4081,FIAT VEICOLI (I),2
8988,DEUTSCHE POST,2
0080,METZ,2
3059,DIGUE (F),2
7869,DOLL,2
1261,TEREX LANGENBURG,2
8207,CRAIOVA LANDMASCH(R),2
0124,KANAL-ROHRBAU,2
2249,LIDER (F),2
9211,FADROMA (PL),2
0414,SIEBEN ERBEN,2
1070,VDL BUS (NL),2
6987,HSM,2
9320,KALININ BAGGERW.(SU),2
6615,KUMLIN,2
0175,GOTHAER WAGGONFABRIK,2
6711,MEUSER,2
0115,UETERSENER HATLAPA,2
0317,EISENK.U.MA.-EIKOMAG,2
1964,POL-PLANET,2
0127,HELLER,2
0540,PATRIA-WKC,2
9707,BATAVUS (NL),2
2363,QIANJIANG (RC),2
7844,EILENBURGER MASCH-B.,2
3139,HRD INDUSTRIE (F),2
4017,LEVANTE RIMORCHI (I),2
0888,FLOTTMANN-WERK,2
1967,SUPRA,2
0438,ALPENLAND,2
6173,KLINK,2
8973,HAVELBERG LIA,2
0458,DEUTSCHE KOCKUM,2
1490,FOTON LOVOL (RC),2
8924,HALLE VAKA-WERKE,2
8847,FRANK,2
0452,KIBO,2
0191,ESSLINGEN,2
7841,ANH-BAU MARKKLEEBERG,2
0485,MIAG,2
8843,PGH BRUNAU,2
8746,MSA,2
3104,MACO-MEUDON (F),2
7843,SIMSON,1
0897,FLAMMAT-WERK,1
8932,DRESDEN BAUMECHAN.,1
4052,LAVERDA (I),1
6747,ZIEMANN,1
1034,BOLENS DIVISION(USA),1
0172,ZYKLOS METALLBAU,1
7779,BICKEL,1
0976,STRICKER,1
7602,CEMOTO (E),1
6649,ROHR,1
1272,HORSEART,1
7027,SWIZZBEE (CH),1
3062,S.E.M.M.(F),1
2056,EPOWERFUN.DE,1
7815,KH ANH-BAU,1
2302,MOBI HOUSE (PL),1
0909,BEUMER,1
6172,KEMPF,1
7511,UTIFORM (E),1
1654,STEVENS,1
6022,WETSCHKA (A),1
7471,JOFANG (RC),1
0128,ELEKTRO-STAHLBAU,1
1505,GRACE,1
9896,LELY,1
7023,HUSER (CH),1
0379,RAUCH,1
9842,HYDREMA,1
1544,KOLUMAN (TR),1
0697,"SCHMID,LEONHARD",1
0363,"MEYER,HANS",1
1521,MATEV,1
3131,CLAAS (F),1
0120,FELLA-WERKE,1
6200,"MERSCH,ALFONS",1
7832,NAUTECH,1
1989,DENVER (DK),1
6231,SCHIER,1
9845,"HELMIG,HANS",1
6934,HOLMER,1
0595,"KELKEL,JOSEF",1
6493,ACKERMANN-FRUEHAUF,1
8759,KOMENT,1
7736,"AUWAERTER,WALDERSHOF",1
0048,SIMSON-BSW.,1
0412,BURG,1
0602,AHRWEILER,1
2405,MAEVING (UK),1
2192,EROGLU (TR),1
6817,DIA PUMPENFABRIK,1
8856,POTSDAM HANDELSTR.,1
1743,HNF,1
8931,DRESDEN STAHLHOCHBAU,1
4129,FERRO (I),1
8208,AUTOMECAN.MEDIAS (R),1
4044,PERIPOLI (I),1
0996,KLAUS,1
7529,MOTOR IBERICA (E),1
7590,INDUSTR.D.MOTORS (E),1
0601,ACKERMANN,1
6710,VOMO,1
1557,ZHEJIANG JONWAY (RC),1
9212,ZUT OSTROWEK (PL),1
9899,DECONTA,1
6881,KRUG-CARAVAN,1
6957,CARAVAN MUELLER,1
8022,CHRUDIM (CS),1
0653,FREUDENTHALER MASCH.,1
1547,JIANGSU JINJIE (RC),1
2005,BAMFORD (UK),1
7785,WUELLNER,1
1301,DALBO (DK),1
7609,LUNA (E),1
8966,HAINICHEN-FLOEHA KFL,1
0131,"ADELSHEIM,MASCH.FABR",1
1592,TEREX DEUTSCHLAND,1
0302,FINK,1
1781,EAGLE (UK),1
6697,LINK,1
6932,KLEINE,1
1399,CHIEN TI ENTERPRISE (RC),1
0940,"FISCHER,FRANZ",1
2223,KAERCHER MUNICIPAL,1
6114,"BOECKER,JOSEF",1
1129,TUNGER,1
7470,SHE LUNG (RC),1
0181,CONC-ELEKTRIZIT-CEAG,1
1491,ISEKI,1
9878,JAPAN SPEED,1
8501,BARDENHORST,1
8867,PARKENTIN KAROSS-BAU,1
8834,IMMISCH,1
4119,PIACENZA RIMORCHI(I),1
8742,HRD,1
8617,STUERZEL,1
1655,MEIER,1
1100,ROEHLK SPRING (USA),1
8023,LIAZ (CS),1
0291,HOELLE,1
0163,ZEPPELIN-METALLWERKE,1
6021,ACHLEITNER (A),1
2199,HAWE WESTER,1
7756,LORENZ & RANKL,1
8859,PGH SCHWERIN,1
7024,FHS (CH),1
6561,EISELE & SOEHNE,1
1337,CHONGQING DONGBEN (RC),1
5011,MANUTENT.MARGANNE(B),1
3120,LUTZ (F),1
1262,KVERNELAND (NL),1
8925,MINOL,1
8946,NEUFAHRLAND LANDTECH,1
2193,ZAMELUX GREEN (E),1
5037,SPERRY (B),1
0817,DAMMANN,1
6588,LATZ,1
8744,VOLVO COMPACT,1
9711,ARPIC-ATLAS (B),1
2167,INNOVAMAXX,1
0129,SCHOLLMEYER & MAHLER,1
4010,MORO FRATELLI (I),1
6802,BORCO-HOEHNS,1
8935,LENGENFELD BAUMECH.,1
1482,BURG SILVERGREEN,1
8714,BOOM,1
0367,HOWARD ROTAVATOR,1
8028,ANTIP (CZ),1
0672,MEIERLING,1
0255,BUECKER,1
0341,"HEINKEL,BLAUBEUREN",1
1015,MASSEY-HARRIS (USA),1
8943,BAD-SALZUNGEN KFL,1
0880,GROTE,1
6618,LANG,1
0206,ZIEBUHR,1
3076,CASE (F),1
1705,LINDHOLDT (DK),1
0202,"AUWAERTER,GOTTLOB",1
8857,ERFURT VERKEHRSKOM.,1
1463,TECDRIVE,1
9209,JELCZ AUTOMOBIL.(PL),1
6823,DEMAG,1
7901,HORZ,1
6671,"SCHNEIDER,ADOLF",1
5018,ROSART (B),1
6311,"RUBNER,FA-GE-WERKE",1
4012,MONDIAL (I),1
0616,BUNGE,1
6909,GEROH,1
0619,LEWARK & VOIGT,1
9224,FC URSUS (PL),1
7855,DEUTZ-FAHR,1
6878,WOCKEN,1
1972,MICRO,1
6933,MARCHNER,1
8951,NEUBRANDENBURG NGMB,1
0993,"WAGNER,VICTOR",1
0821,ROHRSSEN,1
1939,IO HAWK,1
6630,OCKENFELS,1
6188,LEHRE,1
7600,AVELLO (E),1
6709,WEIDNER,1
6306,"HEIMANN,PAUL",1
0837,WEIGOLD,1
6512,CARAVANBAU-HENNERICI,1
7696,FLENSBURG.FZ-BAU-FFG,1
8740,STAHA,1
1674,LORYC (E),1
6971,TOTAL,1
7451,TAIWAN VESPA (RC),1
6530,WUELLHORST,1
4153,FIAT KOBELCO (I),1
1191,MAN NUTZFAHRZEUGE(A),1
6319,GLATZ,1
2371,JINAN DALONG (RC),1
0799,MEYLE,1
7477,HARTFORD (RC),1
9605,ANDERSEN&JENSEN (DK),1
7775,M-TEC MATHIS,1
8429,HILKEN,1
1312,QINGQI (RC),1
0805,WESTHA,1
6871,KNIES,1
6106,BAUMEISTER,1
6843,HIEBLE,1
5027,FAYMONVILLE (B),1
2369,YANMAR (TR),1
1535,ZEST (NL),1
0647,GREINER,1
1871,ANTONIADIS & SIA (GR),1
9109,POLARVAGNEN (S),1
6787,LANGENDORF,1
9756,PEETERS (NL),1
6801,SEMEX,1
8953,SCHWERIN LANDTECH.,1
1362,NEW REBEL (NL),1
7762,"STOLL,WILHELM",1
0586,URSUS,1
0683,PEEMOELLER,1
0811,STEEB,1
0851,HIMMELSTEIN,1
9640,CARBO (NL),1
1600,MCHALE (IRL),1
1992,ITALIAN MOTORCYCLE (I),1
0564,DEMAG-BAUMASCHINEN,1
9703,TRANSPORT INTER.(NL),1
6632,STILLE,1
0537,BUTZEN FZ-BAU,1
3117,CASE POCLAIN (F),1
0119,LUTZ,1
3069,CLARK (F),1
1562,SOGEWALOT (PL),1
8930,LEIPZIG INSTANDH.,1
0109,CREDE,1
0378,BAYR.TRAKT.U.FZG-BTG,1
8304,BUDAPEST TRAK-FA.(H),1
7802,BOSCHERT,1
9859,MAN SONDER (A),1
9930,TANTE PAULA,1
9210,HSW (PL),1
0335,SCHAD,1
7989,BAOS,1
4016,LOMBARDINI (I),1
